Department,SubDepartment,Category,Product Name,Price,Product URL,Product Image,Secondary Image,Notes
home-and-garden,kitchen-and-dining,Dish,The Tablet Trio,47,https://www.blueland.com/products/the-tablet-trio,https://cdn.sanity.io/images/d864s8gp/production/168ca8246714ebfaab149820c5df68a2cd8c1724-1790x1790.jpg?w=300&q=100&fit=clip&auto=format&dpr=2,,
home-and-garden,kitchen-and-dining,Dish,Dishwasher & Laundry Duo,36,https://www.blueland.com/products/dishwasher-laundry-duo?option=0,https://cdn.sanity.io/images/d864s8gp/production/02533fde6c9ccacb45314feed6b017e0777c0cdc-1790x1790.jpg?w=300&q=100&fit=clip&auto=format&dpr=2,,Laundry Scent: Spring Bloom
Home-and-garden,kitchen-and-dining,Dish,Dishwasher & Toilet Duo,48,https://www.blueland.com/products/dishwasher-toilet-duo,https://cdn.sanity.io/images/d864s8gp/production/1d18654e23cde3077853c10b2b7044761318f29f-1790x1790.jpg?w=300&q=100&fit=clip&auto=format&dpr=2,,
Home-and-garden,kitchen-and-dining,Dish,Dishwasher Starter Set,20,https://www.blueland.com/products/dishwasher-starter-set,https://cdn.sanity.io/images/d864s8gp/production/f73028225df35b05bf6cca1e3f36556478c0e2f1-1790x1790.jpg?w=300&q=100&fit=clip&auto=format&dpr=2,,
Home-and-garden,kitchen-and-dining,Dish,The Dish Duo,43,https://www.blueland.com/products/the-dish-duo,https://cdn.sanity.io/images/d864s8gp/production/86d9f7a57d6ea262a362a801aaa35a5766386205-1790x1790.jpg?w=300&q=100&fit=clip&auto=format&dpr=2,,
home-and-garden,kitchen-and-dining,Dish,Dish Soap Starter Set,15,https://www.blueland.com/products/dish-soap-starter-set,https://cdn.sanity.io/images/d864s8gp/production/3ef9a9f9c0291ac5aa109b3129343748ab84b926-1790x1790.jpg?w=300&q=100&fit=clip&auto=format&dpr=2,,
home-and-garden,kitchen-and-dining,Dish,Dishwasher Refill Packs,19,https://www.blueland.com/products/dishwasher-refill-packs,https://cdn.sanity.io/images/d864s8gp/production/77a3090167ae8328d25884d8087ebb70c6707b10-1790x1790.jpg?w=300&q=100&fit=clip&auto=format&dpr=2,,
home-and-garden,kitchen-and-dining,Dish,Dish Soap Refill Packs,11,https://www.blueland.com/products/dish-soap-refill-packs,https://cdn.sanity.io/images/d864s8gp/production/41d3d859bc670c2e88db38f038e318e322fd6f90-1790x1790.jpg?w=300&q=100&fit=clip&auto=format&dpr=2,,
home-and-garden,kitchen-and-dining,Dish,Cleaning Companions,14,https://www.blueland.com/products/cleaning-companions,https://cdn.sanity.io/images/d864s8gp/production/799e6784c371a203f271567edc750df5f02254e5-1790x1790.jpg?w=300&q=100&fit=clip&auto=format&dpr=2,,
home-and-garden,kitchen-and-dining,,Dish,Cloud Cloth,13,https://www.blueland.com/products/cloud-cloth,https://cdn.sanity.io/images/d864s8gp/production/5bca49edde0a2564ce608b6edb1b2decb925f160-1790x1790.jpg?w=300&q=100&fit=clip&auto=format&dpr=2,,
home-and-garden,kitchen-and-dining,Dish,Scrub Sponge,13,https://www.blueland.com/products/scrub-sponge,https://cdn.sanity.io/images/d864s8gp/production/51075b0b493dd7c892e6c140b001fa8fcf25c559-1790x1790.jpg?w=300&q=100&fit=clip&auto=format&dpr=2,,
home-and-garden,kitchen-and-dining,Dish,Pop-Up Sponge,11,https://www.blueland.com/products/pop-up-sponge,https://cdn.sanity.io/images/d864s8gp/production/9736ddcfeac2ab9f7cf2ac5f113831206fe8ad61-1790x1790.jpg?w=300&q=100&fit=clip&auto=format&dpr=2,,
home-and-garden,bath-and-laundry,Hand Soap,National Parks Hand Soap Refill Packs,12.50,https://www.blueland.com/products/national-parks-hand-soap-refill-packs?option=0,https://cdn.sanity.io/images/d864s8gp/production/fd43f1e24ddf03e09dc2e6aacb3861d63b78f814-1790x1790.jpg?w=700&q=100&fit=clip&auto=format&dpr=2,https://cdn.sanity.io/images/d864s8gp/production/fe85dc8239f9260a17d165fb26d6cc7b3261eb82-1790x1790.jpg?w=700&q=100&fit=clip&auto=format&dpr=2,7 scents available
home-and-garden,bath-and-laundry,Hand Soap,Hand Soap Refill Packs,12,https://www.blueland.com/products/hand-soap-refill-packs?option=0,https://cdn.sanity.io/images/d864s8gp/production/2e46733af800be2cc09cc939f9830e73b4214878-1790x1790.jpg?w=700&q=100&fit=clip&auto=format&dpr=2,https://cdn.sanity.io/images/d864s8gp/production/b54dc08c2f50da7376675e1e5977809916a7f40a-1790x1790.jpg?w=700&q=100&fit=clip&auto=format&dpr=2,5 colors available
home-and-garden,bath-and-laundry,Hand Soap,Hand Soap Duo,15,https://www.blueland.com/products/hand-soap-duos?option=0,https://cdn.sanity.io/images/d864s8gp/production/a37836782b3e065add5e2ddcd104425c4e39f4b0-1790x1790.jpg?w=700&q=100&fit=clip&auto=format&dpr=2,https://cdn.sanity.io/images/d864s8gp/production/19dfe8a7090e04a7e9b54a94f600459943898bcb-1790x1790.jpg?w=700&q=100&fit=clip&auto=format&dpr=2,5 colors available
home-and-garden,bath-and-laundry,Hand Soap,Hand Soap Starter Set,8,https://www.blueland.com/products/hand-soap-sets?option=0,https://cdn.sanity.io/images/d864s8gp/production/0444ad696a218331f9377791b48e2dc7f8cb0b9c-1790x1790.jpg?w=700&q=100&fit=clip&auto=format&dpr=2,https://cdn.sanity.io/images/d864s8gp/production/64b736705e1722ccb38011275f00df60a077f006-1790x1790.jpg?w=700&q=100&fit=clip&auto=format&dpr=2,2 colors available
home-and-garden,bath-and-laundry,Hand Soap,Foaming Hand Soap Pump,2,https://www.blueland.com/products/foaming-hand-soap-pump?option=0,https://cdn.sanity.io/images/d864s8gp/production/e8403bfac4ecad089acd57e678f87b847cbbe7c4-1790x1790.jpg?w=700&q=100&fit=clip&auto=format&dpr=2,–,3 colors available
home-and-garden,bath-and-laundry,Hand Soap,Hand Soap Forever Bottle,12,https://www.blueland.com/products/forever-hand-soap-bottle?option=0,https://cdn.sanity.io/images/d864s8gp/production/3f85dd014cab21c44268ca87538f488b96d59b39-1790x1790.jpg?w=700&q=100&fit=clip&auto=format&dpr=2,–,5 scents available
home-and-garden,bath-and-laundry,Hand Soap,National Parks Hand Soap Refill Packs,12.50,https://www.blueland.com/products/national-parks-hand-soap-refill-packs?option=0,https://cdn.sanity.io/images/d864s8gp/production/fd43f1e24ddf03e09dc2e6aacb3861d63b78f814-1790x1790.jpg?w=700&q=100&fit=clip&auto=format&dpr=2,https://cdn.sanity.io/images/d864s8gp/production/fe85dc8239f9260a17d165fb26d6cc7b3261eb82-1790x1790.jpg?w=700&q=100&fit=clip&auto=format&dpr=2,
home-and-garden,bath-and-laundry,Laundry,The Tablet Trio,47,https://www.blueland.com/products/the-tablet-trio,https://cdn.sanity.io/images/d864s8gp/production/168ca8246714ebfaab149820c5df68a2cd8c1724-1790x1790.jpg?w=700&q=100&fit=clip&auto=format&dpr=2,https://cdn.sanity.io/images/d864s8gp/production/cb42c4959984d8b57d1af2b9523eaa941f3a6179-1790x1790.jpg?w=700&q=100&fit=clip&auto=format&dpr=2,
home-and-garden,bath-and-laundry,Laundry,Laundry Essentials Kit,41,https://www.blueland.com/products/laundry-essentials-kit?option=0,https://cdn.sanity.io/images/d864s8gp/production/7420201fa0f5878d5b4f3f6fa3e19977022b0fcc-1790x1790.jpg?w=700&q=100&fit=clip&auto=format&dpr=2,https://cdn.sanity.io/images/d864s8gp/production/7420201fa0f5878d5b4f3f6fa3e19977022b0fcc-1790x1790.jpg?w=700&q=100&fit=clip&auto=format&dpr=2,
home-and-garden,bath-and-laundry,Laundry,Dishwasher & Laundry Duo,36,https://www.blueland.com/products/dishwasher-laundry-duo?option=0,https://cdn.sanity.io/images/d864s8gp/production/02533fde6c9ccacb45314feed6b017e0777c0cdc-1790x1790.jpg?w=700&q=100&fit=clip&auto=format&dpr=2,https://cdn.sanity.io/images/d864s8gp/production/9fefa3760bad5559d63254d20042705d3504ee31-1790x1790.jpg?w=700&q=100&fit=clip&auto=format&dpr=2,
home-and-garden,bath-and-laundry,Laundry,Laundry & Toilet Duo,35,https://www.blueland.com/products/laundry-toilet-duo,https://cdn.sanity.io/images/d864s8gp/production/21eaf30d77ba56f2efffc07625e67c2b55b7b8f8-1790x1790.jpg?w=700&q=100&fit=clip&auto=format&dpr=2,https://cdn.sanity.io/images/d864s8gp/production/847fff37b437c589680f7172ac66be994245d177-1790x1790.jpg?w=700&q=100&fit=clip&auto=format&dpr=2,
home-and-garden,bath-and-laundry,Laundry,Laundry Starter Set,0.00,https://www.blueland.com/products/laundry-starter-set?option=0,https://cdn.sanity.io/images/d864s8gp/production/26502e45b582b2621a4f759ccfe59297be017389-1790x1790.jpg?w=700&q=100&fit=clip&auto=format&dpr=2,https://cdn.sanity.io/images/d864s8gp/production/26502e45b582b2621a4f759ccfe59297be017389-1790x1790.jpg?w=700&q=100&fit=clip&auto=format&dpr=2,
home-and-garden,bath-and-laundry,Laundry,Oxi Laundry Booster Starter Set,0.00,https://www.blueland.com/products/laundry-booster-starter-set?option=0,https://cdn.sanity.io/images/d864s8gp/production/5115dad7f49bd18c840aa6d7c8972a4991324364-1790x1790.jpg?w=700&q=100&fit=clip&auto=format&dpr=2,https://cdn.sanity.io/images/d864s8gp/production/5115dad7f49bd18c840aa6d7c8972a4991324364-1790x1790.jpg?w=700&q=100&fit=clip&auto=format&dpr=2,
home-and-garden,bath-and-laundry,,Laundry,Laundry Refill Packs,0.00,https://www.blueland.com/products/laundry-refill-packs?option=0,https://cdn.sanity.io/images/d864s8gp/production/0ea4b44dd8216fb594b326ab9be6a29ce1b7692f-1790x1790.jpg?w=700&q=100&fit=clip&auto=format&dpr=2,https://cdn.sanity.io/images/d864s8gp/production/0ea4b44dd8216fb594b326ab9be6a29ce1b7692f-1790x1790.jpg?w=700&q=100&fit=clip&auto=format&dpr=2,
home-and-garden,bath-and-laundry,Laundry,Oxi Laundry Booster Refill,0.00,https://www.blueland.com/products/laundry-booster-refill-packs?option=0,https://cdn.sanity.io/images/d864s8gp/production/52e290a747fe8638b95893cd0153e93183ca87a9-1790x1790.jpg?w=700&q=100&fit=clip&auto=format&dpr=2,https://cdn.sanity.io/images/d864s8gp/production/52e290a747fe8638b95893cd0153e93183ca87a9-1790x1790.jpg?w=700&q=100&fit=clip&auto=format&dpr=2,
home-and-garden,bath-and-laundry,Laundry,Dryer Ball Starter Set,0.00,https://www.blueland.com/products/dryer-ball-set,https://cdn.sanity.io/images/d864s8gp/production/6a52b8fcecbeafd3b4e52e18c1d1e2dff467f793-1790x1790.jpg?w=700&q=100&fit=clip&auto=format&dpr=2,https://cdn.sanity.io/images/d864s8gp/production/9a727d2208c67140921af7c1124520b02ce536ac-1790x1790.jpg?w=700&q=100&fit=clip&auto=format&dpr=2,
health-bath-and-beauty,bath-and-body,Personal Care,Clean Skin Duo,37,https://www.blueland.com/products/clean-skin-duo,https://cdn.sanity.io/images/d864s8gp/production/490b765d3548199892753f9a160d3a1208b2216c-1790x1790.jpg?w=700&q=100&fit=clip&auto=format&dpr=2,https://cdn.sanity.io/images/d864s8gp/production/004b5487bdd054aa4d206ddcad40f28a4e109368-1790x1790.jpg?w=700&q=100&fit=clip&auto=format&dpr=2,
health-bath-and-beauty,bath-and-body,Personal Care,Body Wash Starter Set,12,https://www.blueland.com/products/body-wash-starter-set?option=0,https://cdn.sanity.io/images/d864s8gp/production/af2b1f0b6bbe6833a7ff0ceeac0dc965e2307c4e-1790x1790.jpg?w=700&q=100&fit=clip&auto=format&dpr=2,https://cdn.sanity.io/images/d864s8gp/production/fff40d031cdb6d5c0227064f39e98dedbb2d1468-1790x1790.jpg?w=700&q=100&fit=clip&auto=format&dpr=2,
health-bath-and-beauty,bath-and-body,Personal Care,Facial Cleanser Starter Set,13,https://www.blueland.com/products/facial-cleanser-starter-set,https://cdn.sanity.io/images/d864s8gp/production/dc2633112b32516ff2626d90974746c5c941216e-1790x1790.jpg?w=700&q=100&fit=clip&auto=format&dpr=2,https://cdn.sanity.io/images/d864s8gp/production/b2fa3c5bbc4a2e2f5c45a9d5dfed2adcbe0396c6-1790x1790.jpg?w=700&q=100&fit=clip&auto=format&dpr=2,
health-bath-and-beauty,bath-and-body,Personal Care,Body Wash Refills,8,https://www.blueland.com/products/body-wash-refills?option=0,https://cdn.sanity.io/images/d864s8gp/production/25a606a81aae64323b3c27400c5971668f4a6cfb-1790x1790.jpg?w=700&q=100&fit=clip&auto=format&dpr=2,https://cdn.sanity.io/images/d864s8gp/production/25a606a81aae64323b3c27400c5971668f4a6cfb-1790x1790.jpg?w=700&q=100&fit=clip&auto=format&dpr=2,
health-bath-and-beauty,bath-and-body,Personal Care,Facial Cleanser Refills,9,https://www.blueland.com/products/facial-cleanser-refills,https://cdn.sanity.io/images/d864s8gp/production/83574239d292a877c63ff49ad9cc79a46112ef03-1790x1790.jpg?w=700&q=100&fit=clip&auto=format&dpr=2,https://cdn.sanity.io/images/d864s8gp/production/9a42462717df62713dc0f1654fec093f613e9f04-1540x1520.jpg?w=700&q=100&fit=clip&auto=format&dpr=2,
health-bath-and-beauty,bath-and-body,Personal Care,Body Wash Forever Bottle,9,https://www.blueland.com/products/body-wash-forever-bottle,https://cdn.sanity.io/images/d864s8gp/production/f732908785d1a73015c4073e2819ac60ab160780-1790x1790.jpg?w=700&q=100&fit=clip&auto=format&dpr=2,–,
health-bath-and-beauty,bath-and-body,Personal Care,Facial Cleanser Forever Bottle,9,https://www.blueland.com/products/facial-cleanser-forever-bottle,https://cdn.sanity.io/images/d864s8gp/production/0c4922016a3580d791e5e2827a0531414f10a819-1790x1790.jpg?w=700&q=100&fit=clip&auto=format&dpr=2,–,
home-and-garden,cleaning-supplies,Spray Cleaners,The Clean Essentials,58,https://www.blueland.com/products/the-clean-essentials,https://cdn.sanity.io/images/d864s8gp/production/57e358b3dc3bad7b489699562288141f7419705a-1790x1790.jpg?w=700&q=100&fit=clip&auto=format&dpr=2,,
home-and-garden,cleaning-supplies,Spray Cleaners,Multi-Surface Starter Set,13,https://www.blueland.com/products/multi-surface-starter-set,https://cdn.sanity.io/images/d864s8gp/production/78c2a7c673f88abb26ed2e37905d86290dc98a69-1790x1790.jpg?w=700&q=100&fit=clip&auto=format&dpr=2,,
home-and-garden,cleaning-supplies,Spray Cleaners,Bathroom Starter Set,13,https://www.blueland.com/products/bathroom-starter-set,https://cdn.sanity.io/images/d864s8gp/production/7147b30bcde6e2b114e3f302909d2a97e0d2021e-1790x1790.jpg?w=700&q=100&fit=clip&auto=format&dpr=2,,
home-and-garden,cleaning-supplies,Spray Cleaners,Glass + Mirror Starter Set,13,https://www.blueland.com/products/glass-mirror-starter-set,https://cdn.sanity.io/images/d864s8gp/production/98fafe70583a6ea14da813c504f6ab3cc3f72b0c-1790x1790.jpg?w=700&q=100&fit=clip&auto=format&dpr=2,,
home-and-garden,cleaning-supplies,Spray Cleaners,Multi-Surface Refill Packs,5,https://www.blueland.com/products/multi-surface-refill-packs,https://cdn.sanity.io/images/d864s8gp/production/2bdf654407a48ffc473cff45f3b31d1d5082deb3-1790x1790.jpg?w=700&q=100&fit=clip&auto=format&dpr=2,,
home-and-garden,cleaning-supplies,Spray Cleaners,Bathroom Refill Packs,5,https://www.blueland.com/products/bathroom-refill-packs,https://cdn.sanity.io/images/d864s8gp/production/7d6e64b01ebbb1c31765246324498a90e30773b5-1790x1790.jpg?w=700&q=100&fit=clip&auto=format&dpr=2,,
home-and-garden,cleaning-supplies,Spray Cleaners,Glass + Mirror Refill Packs,5,https://www.blueland.com/products/glass-mirror-refill-packs,https://cdn.sanity.io/images/d864s8gp/production/65d8d4a586d04703c6d3d5c96771badc7dafb422-1790x1790.jpg?w=700&q=100&fit=clip&auto=format&dpr=2,,
home-and-garden,cleaning-supplies,Spray Cleaners,Cleaning Companions,14,https://www.blueland.com/products/cleaning-companions,https://cdn.sanity.io/images/d864s8gp/production/799e6784c371a203f271567edc750df5f02254e5-1790x1790.jpg?w=700&q=100&fit=clip&auto=format&dpr=2,,
home-and-garden,cleaning-supplies,Spray Cleaners,Cloud Cloth,13,https://www.blueland.com/products/cloud-cloth,https://cdn.sanity.io/images/d864s8gp/production/5bca49edde0a2564ce608b6edb1b2decb925f160-1790x1790.jpg?w=700&q=100&fit=clip&auto=format&dpr=2,,
home-and-garden,cleaning-supplies,Spray Cleaners,Spray Cleaner Nozzle,2,https://www.blueland.com/products/cleaning-spray-nozzle?option=0,https://cdn.sanity.io/images/d864s8gp/production/48e760cadfbadb574ac59914bea59d32b0f299b4-1790x1790.jpg?w=700&q=100&fit=clip&auto=format&dpr=2,,
home-and-garden,cleaning-supplies,Toilet,The Tablet Trio,73,https://www.blueland.com/products/the-tablet-trio,https://cdn.sanity.io/images/d864s8gp/production/168ca8246714ebfaab149820c5df68a2cd8c1724-1790x1790.jpg?w=700&q=100&fit=clip&auto=format&dpr=2,,
home-and-garden,cleaning-supplies,Toilet,Laundry & Toilet Duo,48,https://www.blueland.com/products/laundry-toilet-duo,https://cdn.sanity.io/images/d864s8gp/production/21eaf30d77ba56f2efffc07625e67c2b55b7b8f8-1790x1790.jpg?w=700&q=100&fit=clip&auto=format&dpr=2,,
home-and-garden,cleaning-supplies,Toilet,Dishwasher & Toilet Duo,48,https://www.blueland.com/products/dishwasher-toilet-duo,https://cdn.sanity.io/images/d864s8gp/production/1d18654e23cde3077853c10b2b7044761318f29f-1790x1790.jpg?w=700&q=100&fit=clip&auto=format&dpr=2,,
home-and-garden,cleaning-supplies,Toilet,Toilet Bowl Cleaner Starter Set,19,https://www.blueland.com/products/toilet-cleaner-starter-set?option=0,https://cdn.sanity.io/images/d864s8gp/production/144dfa9bd95f9339c6944e054ed6e8943612eff6-1790x1790.jpg?w=700&q=100&fit=clip&auto=format&dpr=2,,
home-and-garden,cleaning-supplies,Toilet,Bathroom Starter Set,13,https://www.blueland.com/products/bathroom-starter-set,https://cdn.sanity.io/images/d864s8gp/production/7147b30bcde6e2b114e3f302909d2a97e0d2021e-1790x1790.jpg?w=700&q=100&fit=clip&auto=format&dpr=2,,
home-and-garden,cleaning-supplies,Toilet,Toilet Bowl Cleaner Refill Packs,17,https://www.blueland.com/products/toilet-cleaner-refill-packs,https://cdn.sanity.io/images/d864s8gp/production/d77bba65e7d8a0c33a87c32e9a751d36d636aadd-1790x1790.jpg?w=700&q=100&fit=clip&auto=format&dpr=2,,
home-and-garden,cleaning-supplies,Toilet,Bathroom Refill Packs,5,https://www.blueland.com/products/bathroom-refill-packs,https://cdn.sanity.io/images/d864s8gp/production/7d6e64b01ebbb1c31765246324498a90e30773b5-1790x1790.jpg?w=700&q=100&fit=clip&auto=format&dpr=2,,